Year for temperature difference,Annual temp difference (°C),Annual temp difference smooth (°C),Year.Month for CO2,CO2 (ppm),Year for Arctic sea ice extent,Arctic sea ice extent (million square km),Person ID number,Gender,Daily fruit/veggies,Daily stress (0-5),Number of close friends,Number of social interactions per day,Sleeping hours
1880.0,-0.16,-0.09,1958.03.01,314.62,1979.0,7.05,10001.0,Female,3.0,2.0,5.0,5.0,7.0
1881.0,-0.08,-0.12,1958.04.01,315.29,1980.0,7.67,10002.0,Female,2.0,3.0,3.0,10.0,8.0
1882.0,-0.1,-0.16,1958.05.01,314.71,1981.0,7.14,10003.0,Female,2.0,3.0,4.0,10.0,8.0
1883.0,-0.16,-0.19,1958.06.01,314.85,1982.0,7.3,10004.0,Female,3.0,3.0,3.0,7.0,5.0
1884.0,-0.28,-0.23,1958.07.01,314.98,1983.0,7.39,10005.0,Female,5.0,1.0,3.0,4.0,7.0
1885.0,-0.32,-0.25,1958.08.01,315.94,1984.0,6.81,10006.0,Female,3.0,2.0,9.0,10.0,8.0
1886.0,-0.3,-0.26,1958.09.01,315.91,1985.0,6.7,10007.0,Male,4.0,2.0,6.0,10.0,7.0
1887.0,-0.35,-0.26,1958.10.01,315.61,1986.0,7.41,10008.0,Female,3.0,4.0,3.0,7.0,6.0
1888.0,-0.16,-0.26,1958.11.01,315.31,1987.0,7.28,10009.0,Female,5.0,3.0,4.0,3.0,10.0
1889.0,-0.1,-0.25,1958.12.01,315.61,1988.0,7.37,10010.0,Female,4.0,4.0,6.0,10.0,6.0
1890.0,-0.35,-0.25,1959.01.01,315.7,1989.0,7.01,10011.0,Female,2.0,4.0,7.0,1.0,8.0
1891.0,-0.22,-0.25,1959.02.01,315.88,1990.0,6.14,10012.0,Male,1.0,4.0,8.0,2.0,7.0
1892.0,-0.27,-0.26,1959.03.01,315.62,1991.0,6.47,10013.0,Male,2.0,2.0,5.0,8.0,8.0
1893.0,-0.31,-0.26,1959.04.01,315.56,1992.0,7.47,10014.0,Female,5.0,3.0,3.0,6.0,6.0
1894.0,-0.3,-0.23,1959.05.01,315.5,1993.0,6.4,10015.0,Female,3.0,3.0,3.0,5.0,8.0
1895.0,-0.22,-0.22,1959.06.01,315.92,1994.0,7.14,10016.0,Female,3.0,3.0,4.0,10.0,6.0
1896.0,-0.11,-0.2,1959.07.01,315.66,1995.0,6.08,10017.0,Male,4.0,2.0,4.0,10.0,8.0
1897.0,-0.11,-0.18,1959.08.01,315.81,1996.0,7.58,10018.0,Male,4.0,2.0,10.0,10.0,8.0
1898.0,-0.26,-0.16,1959.09.01,316.55,1997.0,6.69,10019.0,Female,5.0,3.0,7.0,5.0,9.0
1899.0,-0.17,-0.17,1959.10.01,316.19,1998.0,6.54,10020.0,Male,3.0,1.0,10.0,6.0,8.0
1900.0,-0.08,-0.2,1959.11.01,316.78,1999.0,6.12,10021.0,Male,2.0,4.0,8.0,5.0,4.0
1901.0,-0.15,-0.23,1959.12.01,316.52,2000.0,6.25,10022.0,Female,3.0,5.0,4.0,3.0,7.0
1902.0,-0.28,-0.26,1960.01.01,316.51,2001.0,6.73,10023.0,Male,5.0,2.0,6.0,10.0,7.0
1903.0,-0.37,-0.28,1960.02.01,316.47,2002.0,5.83,10024.0,Male,2.0,2.0,10.0,10.0,7.0
1904.0,-0.47,-0.31,1960.03.01,316.49,2003.0,6.12,10025.0,Female,2.0,4.0,10.0,5.0,6.0
1905.0,-0.26,-0.34,1960.04.01,316.86,2004.0,5.98,10026.0,Male,1.0,5.0,3.0,5.0,7.0
1906.0,-0.22,-0.36,1960.05.01,317.24,2005.0,5.5,10027.0,Male,1.0,4.0,2.0,3.0,7.0
1907.0,-0.39,-0.37,1960.06.01,317.36,2006.0,5.86,10028.0,Female,2.0,4.0,3.0,7.0,7.0
1908.0,-0.43,-0.39,1960.07.01,317.3,2007.0,4.27,10029.0,Female,3.0,4.0,4.0,10.0,6.0
1909.0,-0.48,-0.41,1960.08.01,316.92,2008.0,4.69,10030.0,Female,4.0,2.0,3.0,2.0,7.0
1910.0,-0.43,-0.41,1960.09.01,316.87,2009.0,5.26,10031.0,Male,5.0,3.0,3.0,5.0,7.0
1911.0,-0.44,-0.39,1960.10.01,316.76,2010.0,4.87,10032.0,Female,3.0,1.0,5.0,10.0,8.0
1912.0,-0.36,-0.35,1960.11.01,316.98,2011.0,4.56,10033.0,Female,0.0,5.0,3.0,8.0,6.0
1913.0,-0.34,-0.32,1960.12.01,317.13,2012.0,3.57,10034.0,Female,1.0,3.0,3.0,3.0,8.0
1914.0,-0.15,-0.31,1961.01.01,317.03,2013.0,5.21,10035.0,Male,4.0,2.0,6.0,8.0,7.0
1915.0,-0.14,-0.3,1961.02.01,317.28,2014.0,5.22,10036.0,Male,3.0,3.0,2.0,5.0,6.0
1916.0,-0.36,-0.29,1961.03.01,317.47,2015.0,4.62,10037.0,Female,2.0,3.0,4.0,8.0,6.0
1917.0,-0.46,-0.29,1961.04.01,317.27,2016.0,4.53,10038.0,Female,2.0,5.0,8.0,2.0,8.0
1918.0,-0.29,-0.3,1961.05.01,317.7,2017.0,4.82,10039.0,Male,4.0,1.0,10.0,10.0,6.0
1919.0,-0.27,-0.29,1961.06.01,317.48,2018.0,4.79,10040.0,Female,5.0,3.0,6.0,7.0,9.0
1920.0,-0.27,-0.27,1961.07.01,317.7,2019.0,4.32,10041.0,Female,4.0,2.0,8.0,4.0,7.0
1921.0,-0.19,-0.26,1961.08.01,317.8,,,10042.0,Female,4.0,3.0,8.0,3.0,5.0
1922.0,-0.28,-0.25,1961.09.01,317.49,,,10043.0,Female,2.0,3.0,8.0,10.0,9.0
1923.0,-0.26,-0.24,1961.10.01,318.35,,,10044.0,Male,3.0,2.0,1.0,10.0,7.0
1924.0,-0.27,-0.23,1961.11.01,318.13,,,10045.0,Female,2.0,3.0,10.0,4.0,8.0
1925.0,-0.22,-0.22,1961.12.01,317.94,,,10046.0,Female,3.0,5.0,2.0,10.0,5.0
1926.0,-0.1,-0.22,1962.01.01,318.06,,,10047.0,Female,5.0,3.0,10.0,6.0,6.0
1927.0,-0.22,-0.21,1962.02.01,318.11,,,10048.0,Female,4.0,2.0,10.0,8.0,8.0
1928.0,-0.2,-0.2,1962.03.01,318.57,,,10049.0,Female,3.0,2.0,10.0,10.0,7.0
1929.0,-0.36,-0.19,1962.04.01,318.45,,,10050.0,Female,2.0,3.0,10.0,10.0,8.0
1930.0,-0.16,-0.19,1962.05.01,318.2,,,10051.0,Female,4.0,3.0,3.0,10.0,7.0
1931.0,-0.1,-0.19,1962.06.01,318.27,,,10052.0,Female,3.0,5.0,9.0,10.0,8.0
1932.0,-0.16,-0.18,1962.07.01,318.67,,,10053.0,Male,1.0,2.0,6.0,10.0,6.0
1933.0,-0.29,-0.17,1962.08.01,318.48,,,10054.0,Female,5.0,2.0,6.0,9.0,8.0
1934.0,-0.13,-0.16,1962.09.01,319.03,,,10055.0,Female,4.0,2.0,10.0,2.0,6.0
1935.0,-0.2,-0.14,1962.10.01,318.33,,,10056.0,Female,1.0,4.0,1.0,7.0,6.0
1936.0,-0.15,-0.11,1962.11.01,318.62,,,10057.0,Female,4.0,2.0,6.0,10.0,8.0
1937.0,-0.03,-0.07,1962.12.01,318.61,,,10058.0,Male,5.0,4.0,6.0,10.0,7.0
1938.0,-0.01,-0.02,1963.01.01,318.91,,,10059.0,Female,4.0,3.0,1.0,2.0,7.0
1939.0,-0.02,0.03,1963.02.01,318.68,,,10060.0,Male,0.0,5.0,2.0,2.0,10.0
1940.0,0.13,0.06,1963.03.01,318.69,,,10061.0,Male,0.0,5.0,2.0,2.0,10.0
1941.0,0.19,0.09,1963.04.01,319.09,,,10062.0,Female,4.0,3.0,7.0,8.0,7.0
1942.0,0.07,0.11,1963.05.01,319.39,,,10063.0,Male,5.0,2.0,5.0,4.0,7.0
1943.0,0.09,0.1,1963.06.01,319.16,,,10064.0,Male,1.0,1.0,2.0,5.0,6.0
1944.0,0.2,0.07,1963.07.01,318.77,,,10065.0,Female,2.0,5.0,4.0,0.0,9.0
1945.0,0.09,0.04,1963.08.01,318.83,,,10066.0,Female,3.0,3.0,8.0,6.0,6.0
1946.0,-0.07,0.0,1963.09.01,319.06,,,10067.0,Female,3.0,3.0,8.0,6.0,6.0
1947.0,-0.03,-0.04,1963.10.01,319.0,,,10068.0,Male,2.0,1.0,3.0,4.0,7.0
1948.0,-0.11,-0.07,1963.11.01,319.1,,,10069.0,Female,3.0,1.0,1.0,3.0,7.0
1949.0,-0.11,-0.08,1963.12.01,319.25,,,10070.0,Female,3.0,2.0,4.0,10.0,8.0
1950.0,-0.17,-0.08,1964.01.01,319.67,,,10071.0,Male,4.0,3.0,10.0,10.0,8.0
1951.0,-0.07,-0.07,1964.02.01,319.61,,,10072.0,Female,3.0,5.0,0.0,3.0,4.0
1952.0,0.01,-0.07,1964.03.01,319.55,,,10073.0,Female,0.0,4.0,2.0,3.0,4.0
1953.0,0.08,-0.07,1964.04.01,319.48,,,10074.0,Male,4.0,3.0,8.0,10.0,6.0
1954.0,-0.13,-0.07,1964.05.01,319.42,,,10075.0,Female,5.0,1.0,4.0,2.0,8.0
1955.0,-0.14,-0.06,1964.06.01,319.69,,,10076.0,Female,5.0,2.0,1.0,10.0,7.0
1956.0,-0.19,-0.05,1964.07.01,319.58,,,10077.0,Female,5.0,2.0,1.0,5.0,8.0
1957.0,0.05,-0.04,1964.08.01,319.81,,,10078.0,Female,5.0,2.0,1.0,5.0,8.0
1958.0,0.06,-0.01,1964.09.01,319.56,,,10079.0,Female,3.0,3.0,10.0,7.0,8.0
1959.0,0.03,0.02,1964.10.01,319.78,,,10080.0,Male,0.0,5.0,2.0,0.0,6.0
1960.0,-0.02,0.03,1964.11.01,319.72,,,10081.0,Male,1.0,1.0,2.0,3.0,8.0
1961.0,0.06,0.02,1964.12.01,319.59,,,10082.0,Female,5.0,1.0,4.0,4.0,8.0
1962.0,0.04,-0.01,1965.01.01,319.48,,,10083.0,Male,0.0,5.0,2.0,0.0,6.0
1963.0,0.05,-0.02,1965.02.01,319.97,,,10084.0,Female,3.0,4.0,7.0,7.0,6.0
1964.0,-0.2,-0.04,1965.03.01,319.65,,,10085.0,Female,5.0,2.0,5.0,10.0,8.0
1965.0,-0.11,-0.05,1965.04.01,319.8,,,10086.0,Female,5.0,2.0,6.0,10.0,6.0
1966.0,-0.06,-0.06,1965.05.01,319.36,,,10087.0,Female,4.0,4.0,2.0,10.0,6.0
1967.0,-0.02,-0.05,1965.06.01,319.65,,,10088.0,Female,2.0,4.0,6.0,5.0,8.0
1968.0,-0.08,-0.03,1965.07.01,320.51,,,10089.0,Female,5.0,0.0,3.0,7.0,8.0
1969.0,0.05,-0.02,1965.08.01,319.93,,,10090.0,Female,5.0,0.0,3.0,7.0,8.0
1970.0,0.02,-0.01,1965.09.01,320.68,,,10091.0,Female,3.0,4.0,7.0,4.0,6.0
1971.0,-0.08,0.0,1965.10.01,320.36,,,10092.0,Female,3.0,4.0,4.0,5.0,6.0
1972.0,0.01,-0.0,1965.11.01,320.87,,,10093.0,Female,5.0,3.0,1.0,10.0,8.0
1973.0,0.16,-0.0,1965.12.01,320.26,,,10094.0,Male,3.0,4.0,1.0,3.0,6.0
1974.0,-0.07,0.0,1966.01.01,320.63,,,10095.0,Male,3.0,2.0,3.0,10.0,7.0
1975.0,-0.01,0.02,1966.02.01,321.1,,,10096.0,Male,2.0,3.0,4.0,10.0,6.0
1976.0,-0.1,0.04,1966.03.01,321.16,,,10097.0,Female,1.0,5.0,1.0,3.0,10.0
1977.0,0.18,0.07,1966.04.01,321.51,,,10098.0,Female,5.0,5.0,2.0,8.0,6.0
1978.0,0.07,0.12,1966.05.01,321.18,,,10099.0,Female,1.0,3.0,6.0,10.0,7.0
1979.0,0.16,0.16,1966.06.01,321.52,,,10100.0,Female,1.0,3.0,6.0,10.0,7.0
1980.0,0.26,0.2,1966.07.01,321.49,,,10101.0,Female,2.0,3.0,3.0,5.0,7.0
1981.0,0.32,0.21,1966.08.01,321.5,,,10102.0,Female,4.0,3.0,10.0,10.0,7.0
1982.0,0.14,0.21,1966.09.01,321.54,,,10103.0,Male,5.0,4.0,10.0,8.0,6.0
1983.0,0.31,0.21,1966.10.01,321.18,,,10104.0,Female,5.0,4.0,3.0,8.0,6.0
1984.0,0.15,0.21,1966.11.01,321.84,,,10105.0,Male,3.0,2.0,3.0,3.0,9.0
1985.0,0.11,0.22,1966.12.01,321.95,,,10106.0,Female,3.0,2.0,8.0,5.0,7.0
1986.0,0.18,0.24,1967.01.01,322.07,,,10107.0,Female,2.0,3.0,10.0,4.0,7.0
1987.0,0.32,0.27,1967.02.01,321.94,,,10108.0,Female,3.0,4.0,8.0,3.0,8.0
1988.0,0.38,0.3,1967.03.01,321.72,,,10109.0,Male,2.0,2.0,1.0,10.0,6.0
1989.0,0.27,0.33,1967.04.01,322.05,,,10110.0,Female,1.0,2.0,4.0,1.0,7.0
1990.0,0.45,0.33,1967.05.01,322.27,,,10111.0,Female,3.0,2.0,6.0,9.0,6.0
1991.0,0.4,0.33,1967.06.01,321.94,,,10112.0,Male,2.0,2.0,6.0,2.0,8.0
1992.0,0.22,0.33,1967.07.01,321.66,,,10113.0,Female,1.0,3.0,5.0,2.0,7.0
1993.0,0.23,0.33,1967.08.01,322.04,,,10114.0,Female,3.0,2.0,7.0,5.0,6.0
1994.0,0.32,0.34,1967.09.01,322.19,,,10115.0,Female,5.0,2.0,7.0,3.0,9.0
1995.0,0.45,0.37,1967.10.01,322.36,,,10116.0,Female,5.0,2.0,7.0,3.0,9.0
1996.0,0.33,0.4,1967.11.01,322.78,,,10117.0,Female,3.0,5.0,3.0,10.0,6.0
1997.0,0.47,0.43,1967.12.01,322.86,,,10118.0,Female,2.0,5.0,10.0,2.0,8.0
1998.0,0.61,0.45,1968.01.01,322.55,,,10119.0,Male,2.0,1.0,0.0,6.0,7.0
1999.0,0.39,0.48,1968.02.01,322.56,,,10120.0,Female,1.0,2.0,8.0,5.0,10.0
2000.0,0.39,0.5,1968.03.01,322.59,,,10121.0,Female,1.0,2.0,8.0,5.0,10.0
2001.0,0.54,0.53,1968.04.01,322.73,,,10122.0,Male,5.0,2.0,5.0,5.0,9.0
2002.0,0.63,0.55,1968.05.01,322.87,,,10123.0,Female,5.0,3.0,6.0,10.0,5.0
2003.0,0.62,0.59,1968.06.01,323.2,,,10124.0,Female,5.0,2.0,4.0,10.0,7.0
2004.0,0.54,0.61,1968.07.01,323.25,,,10125.0,Male,5.0,4.0,3.0,10.0,7.0
2005.0,0.68,0.62,1968.08.01,323.15,,,10126.0,Female,3.0,5.0,7.0,5.0,7.0
2006.0,0.64,0.63,1968.09.01,323.31,,,10127.0,Female,2.0,3.0,7.0,5.0,4.0
2007.0,0.66,0.63,1968.10.01,323.32,,,10128.0,Male,3.0,4.0,5.0,5.0,5.0
2008.0,0.54,0.64,1968.11.01,323.32,,,10129.0,Male,5.0,4.0,7.0,4.0,9.0
2009.0,0.66,0.64,1968.12.01,323.69,,,10130.0,Male,1.0,3.0,5.0,2.0,8.0
2010.0,0.72,0.65,1969.01.01,323.98,,,10131.0,Female,2.0,0.0,10.0,5.0,10.0
2011.0,0.61,0.66,1969.02.01,323.89,,,10132.0,Female,1.0,2.0,1.0,7.0,8.0
2012.0,0.64,0.7,1969.03.01,324.41,,,10133.0,Female,2.0,3.0,3.0,8.0,8.0
2013.0,0.68,0.74,1969.04.01,324.35,,,10134.0,Male,5.0,4.0,3.0,10.0,6.0
2014.0,0.75,0.78,1969.05.01,324.57,,,10135.0,Male,2.0,3.0,5.0,5.0,6.0
2015.0,0.9,0.83,1969.06.01,324.63,,,10136.0,Female,3.0,2.0,5.0,10.0,9.0
2016.0,1.02,0.87,1969.07.01,325.08,,,10137.0,Female,5.0,3.0,10.0,10.0,7.0
2017.0,0.92,0.91,1969.08.01,324.8,,,10138.0,Female,1.0,1.0,6.0,4.0,6.0
2018.0,0.85,0.95,1969.09.01,325.28,,,10139.0,Female,0.0,4.0,1.0,3.0,5.0
2019.0,0.98,0.98,1969.10.01,324.84,,,10140.0,Female,3.0,4.0,6.0,10.0,7.0
,,,1969.11.01,324.78,,,10141.0,Female,3.0,4.0,4.0,3.0,5.0
,,,1969.12.01,324.88,,,10142.0,Male,5.0,1.0,6.0,7.0,10.0
,,,1970.01.01,325.04,,,10143.0,Male,5.0,2.0,10.0,10.0,9.0
,,,1970.02.01,325.42,,,10144.0,Male,5.0,1.0,4.0,10.0,10.0
,,,1970.03.01,325.69,,,10145.0,Male,5.0,0.0,4.0,8.0,10.0
,,,1970.04.01,325.86,,,10146.0,Female,5.0,2.0,4.0,1.0,6.0
,,,1970.05.01,325.27,,,10147.0,Female,2.0,3.0,4.0,8.0,6.0
,,,1970.06.01,325.52,,,10148.0,Female,5.0,3.0,10.0,5.0,7.0
,,,1970.07.01,325.51,,,10149.0,Male,1.0,2.0,3.0,2.0,8.0
,,,1970.08.01,325.76,,,10150.0,Female,2.0,5.0,6.0,4.0,6.0
,,,1970.09.01,325.93,,,10151.0,Female,3.0,4.0,5.0,4.0,6.0
,,,1970.10.01,326.15,,,10152.0,Female,2.0,2.0,6.0,4.0,7.0
,,,1970.11.01,325.96,,,10153.0,Female,5.0,5.0,5.0,10.0,9.0
,,,1970.12.01,326.06,,,10154.0,Female,3.0,4.0,2.0,3.0,9.0
,,,1971.01.01,326.25,,,10155.0,Male,4.0,3.0,6.0,7.0,7.0
,,,1971.02.01,326.1,,,10156.0,Male,2.0,3.0,3.0,10.0,8.0
,,,1971.03.01,325.94,,,10157.0,Female,5.0,1.0,8.0,10.0,7.0
,,,1971.04.01,325.47,,,10158.0,Female,3.0,5.0,3.0,4.0,8.0
,,,1971.05.01,326.11,,,10159.0,Female,5.0,3.0,4.0,2.0,6.0
,,,1971.06.01,326.4,,,10160.0,Female,5.0,5.0,5.0,10.0,6.0
,,,1971.07.01,326.45,,,10161.0,Female,4.0,3.0,7.0,5.0,7.0
,,,1971.08.01,326.49,,,10162.0,Female,3.0,3.0,2.0,3.0,8.0
,,,1971.09.01,326.19,,,10163.0,Female,4.0,3.0,7.0,4.0,7.0
,,,1971.10.01,326.58,,,10164.0,Male,3.0,2.0,10.0,6.0,7.0
,,,1971.11.01,326.82,,,10165.0,Male,3.0,2.0,10.0,6.0,7.0
,,,1971.12.01,327.02,,,10166.0,Female,1.0,5.0,1.0,4.0,6.0
,,,1972.01.01,326.85,,,10167.0,Male,1.0,1.0,5.0,7.0,8.0
,,,1972.02.01,327.04,,,10168.0,Female,5.0,3.0,10.0,6.0,6.0
,,,1972.03.01,326.53,,,10169.0,Female,5.0,2.0,10.0,10.0,8.0
,,,1972.04.01,327.42,,,10170.0,Male,1.0,3.0,2.0,1.0,10.0
,,,1972.05.01,327.23,,,10171.0,Female,4.0,3.0,10.0,10.0,8.0
,,,1972.06.01,326.92,,,10172.0,Female,3.0,2.0,3.0,5.0,7.0
,,,1972.07.01,327.2,,,10173.0,Female,3.0,3.0,8.0,1.0,9.0
,,,1972.08.01,327.37,,,10174.0,Male,1.0,4.0,6.0,7.0,5.0
,,,1972.09.01,327.76,,,10175.0,Female,3.0,4.0,5.0,6.0,5.0
,,,1972.10.01,328.06,,,10176.0,Male,3.0,4.0,1.0,1.0,6.0
,,,1972.11.01,328.5,,,10177.0,Male,2.0,3.0,10.0,10.0,6.0
,,,1972.12.01,328.55,,,10178.0,Female,5.0,3.0,5.0,10.0,6.0
,,,1973.01.01,328.58,,,10179.0,Male,2.0,1.0,2.0,1.0,6.0
,,,1973.02.01,328.86,,,10180.0,Male,5.0,1.0,4.0,4.0,8.0
,,,1973.03.01,328.99,,,10181.0,Male,5.0,1.0,4.0,4.0,8.0
,,,1973.04.01,329.14,,,10182.0,Female,3.0,2.0,8.0,8.0,7.0
,,,1973.05.01,329.62,,,10183.0,Female,3.0,3.0,5.0,2.0,7.0
,,,1973.06.01,329.94,,,10184.0,Female,5.0,1.0,3.0,9.0,8.0
,,,1973.07.01,330.05,,,10185.0,Male,0.0,1.0,9.0,10.0,8.0
,,,1973.08.01,330.42,,,10186.0,Female,4.0,4.0,4.0,4.0,7.0
,,,1973.09.01,330.45,,,10187.0,Female,2.0,2.0,4.0,5.0,7.0
,,,1973.10.01,330.24,,,10188.0,Female,4.0,2.0,6.0,10.0,8.0
,,,1973.11.01,330.16,,,10189.0,Female,5.0,1.0,10.0,5.0,8.0
,,,1973.12.01,329.66,,,10190.0,Female,5.0,2.0,3.0,10.0,7.0
,,,1974.01.01,329.45,,,10191.0,Female,3.0,4.0,7.0,6.0,5.0
,,,1974.02.01,330.12,,,10192.0,Female,5.0,2.0,3.0,5.0,9.0
,,,1974.03.01,330.2,,,10193.0,Female,2.0,3.0,10.0,8.0,7.0
,,,1974.04.01,330.26,,,10194.0,Male,4.0,2.0,2.0,10.0,7.0
,,,1974.05.01,330.27,,,10195.0,Female,3.0,3.0,9.0,5.0,10.0
,,,1974.06.01,329.94,,,10196.0,Female,5.0,2.0,8.0,10.0,7.0
,,,1974.07.01,330.23,,,10197.0,Female,0.0,3.0,5.0,5.0,6.0
,,,1974.08.01,330.26,,,10198.0,Female,2.0,5.0,4.0,4.0,8.0
,,,1974.09.01,330.28,,,10199.0,Male,0.0,4.0,4.0,3.0,8.0
,,,1974.10.01,330.36,,,10200.0,Female,5.0,4.0,10.0,3.0,7.0
,,,1974.11.01,330.28,,,10201.0,Male,2.0,4.0,0.0,8.0,9.0
,,,1974.12.01,330.55,,,10202.0,Male,2.0,4.0,10.0,5.0,5.0
,,,1975.01.01,330.89,,,10203.0,Male,2.0,1.0,8.0,5.0,8.0
,,,1975.02.01,330.93,,,10204.0,Female,4.0,4.0,10.0,7.0,8.0
,,,1975.03.01,330.54,,,10205.0,Female,1.0,4.0,6.0,7.0,7.0
,,,1975.04.01,330.67,,,10206.0,Female,5.0,4.0,10.0,3.0,7.0
,,,1975.05.01,330.98,,,10207.0,Male,2.0,4.0,8.0,4.0,6.0
,,,1975.06.01,331.2,,,10208.0,Female,4.0,4.0,5.0,7.0,8.0
,,,1975.07.01,331.12,,,10209.0,Male,3.0,1.0,3.0,3.0,8.0
,,,1975.08.01,331.11,,,10210.0,Male,3.0,1.0,3.0,3.0,8.0
,,,1975.09.01,331.48,,,10211.0,Male,4.0,4.0,5.0,10.0,7.0
,,,1975.10.01,331.46,,,10212.0,Male,1.0,1.0,4.0,10.0,6.0
,,,1975.11.01,331.41,,,10213.0,Male,1.0,1.0,4.0,10.0,6.0
,,,1975.12.01,331.6,,,10214.0,Female,3.0,4.0,1.0,1.0,6.0
,,,1976.01.01,331.79,,,10215.0,Female,3.0,1.0,9.0,10.0,7.0
,,,1976.02.01,332.2,,,10216.0,Female,1.0,4.0,10.0,2.0,10.0
,,,1976.03.01,332.05,,,10217.0,Male,5.0,0.0,9.0,6.0,9.0
,,,1976.04.01,332.13,,,10218.0,Female,3.0,1.0,10.0,10.0,9.0
,,,1976.05.01,331.84,,,10219.0,Male,5.0,1.0,7.0,10.0,6.0
,,,1976.06.01,331.65,,,10220.0,Female,3.0,4.0,5.0,10.0,6.0
,,,1976.07.01,332.14,,,10221.0,Female,4.0,5.0,4.0,10.0,6.0
,,,1976.08.01,331.88,,,10222.0,Male,4.0,2.0,10.0,4.0,7.0
,,,1976.09.01,331.94,,,10223.0,Male,2.0,5.0,2.0,10.0,10.0
,,,1976.10.01,331.92,,,10224.0,Male,2.0,5.0,2.0,10.0,10.0
,,,1976.11.01,332.29,,,10225.0,Male,1.0,3.0,4.0,2.0,9.0
,,,1976.12.01,332.66,,,10226.0,Male,5.0,0.0,3.0,5.0,4.0
,,,1977.01.01,332.76,,,10227.0,Female,4.0,2.0,5.0,9.0,8.0
,,,1977.02.01,332.51,,,10228.0,Female,4.0,2.0,5.0,9.0,8.0
,,,1977.03.01,333.35,,,10229.0,Female,4.0,1.0,9.0,4.0,9.0
,,,1977.04.01,333.51,,,10230.0,Female,5.0,5.0,5.0,2.0,6.0
,,,1977.05.01,333.98,,,10231.0,Female,4.0,2.0,8.0,7.0,7.0
,,,1977.06.01,333.8,,,10232.0,Female,4.0,1.0,10.0,8.0,7.0
,,,1977.07.01,334.02,,,10233.0,Female,5.0,3.0,10.0,10.0,7.0
,,,1977.08.01,333.91,,,10234.0,Female,5.0,0.0,10.0,10.0,8.0
,,,1977.09.01,334.36,,,10235.0,Male,1.0,4.0,4.0,4.0,6.0
,,,1977.10.01,334.52,,,10236.0,Female,4.0,2.0,4.0,6.0,8.0
,,,1977.11.01,334.64,,,10237.0,Male,3.0,4.0,1.0,0.0,7.0
,,,1977.12.01,334.61,,,10238.0,Female,2.0,5.0,1.0,0.0,5.0
,,,1978.01.01,335.01,,,10239.0,Female,5.0,3.0,2.0,5.0,7.0
,,,1978.02.01,334.58,,,10240.0,Female,3.0,1.0,5.0,7.0,8.0
,,,1978.03.01,335.0,,,10241.0,Male,4.0,2.0,3.0,3.0,8.0
,,,1978.04.01,335.06,,,10242.0,Female,5.0,2.0,10.0,5.0,8.0
,,,1978.05.01,335.06,,,10243.0,Female,4.0,3.0,9.0,10.0,6.0
,,,1978.06.01,335.59,,,10244.0,Male,5.0,5.0,4.0,9.0,5.0
,,,1978.07.01,335.57,,,10245.0,Female,1.0,3.0,3.0,5.0,5.0
,,,1978.08.01,335.87,,,10246.0,Male,2.0,2.0,8.0,3.0,7.0
,,,1978.09.01,335.51,,,10247.0,Male,5.0,1.0,10.0,10.0,7.0
,,,1978.10.01,335.68,,,10248.0,Female,4.0,3.0,2.0,8.0,7.0
,,,1978.11.01,335.99,,,10249.0,Female,2.0,3.0,3.0,8.0,8.0
,,,1978.12.01,335.88,,,10250.0,Female,5.0,4.0,10.0,10.0,6.0
,,,1979.01.01,336.22,,,10251.0,Male,1.0,2.0,2.0,6.0,7.0
,,,1979.02.01,336.01,,,10252.0,Female,2.0,3.0,10.0,10.0,6.0
,,,1979.03.01,336.54,,,10253.0,Male,4.0,4.0,5.0,10.0,7.0
,,,1979.04.01,336.24,,,10254.0,Male,4.0,3.0,10.0,10.0,8.0
,,,1979.05.01,336.21,,,10255.0,Male,2.0,3.0,3.0,3.0,6.0
,,,1979.06.01,336.84,,,10256.0,Male,4.0,4.0,5.0,10.0,7.0
,,,1979.07.01,336.72,,,10257.0,Female,2.0,5.0,5.0,10.0,8.0
,,,1979.08.01,337.24,,,10258.0,Female,2.0,1.0,2.0,2.0,8.0
,,,1979.09.01,337.2,,,10259.0,Female,2.0,2.0,8.0,3.0,8.0
,,,1979.10.01,337.53,,,10260.0,Male,1.0,2.0,6.0,7.0,7.0
,,,1979.11.01,337.57,,,10261.0,Female,2.0,2.0,10.0,7.0,6.0
,,,1979.12.01,337.79,,,10262.0,Female,5.0,1.0,3.0,5.0,8.0
,,,1980.01.01,338.09,,,10263.0,Male,4.0,4.0,6.0,2.0,8.0
,,,1980.02.01,337.82,,,10264.0,Male,4.0,1.0,8.0,8.0,7.0
,,,1980.03.01,338.43,,,10265.0,Female,3.0,1.0,4.0,10.0,8.0
,,,1980.04.01,338.3,,,10266.0,Female,3.0,4.0,6.0,4.0,9.0
,,,1980.05.01,338.43,,,10267.0,Female,3.0,4.0,4.0,3.0,8.0
,,,1980.06.01,338.84,,,10268.0,Male,5.0,1.0,5.0,10.0,7.0
,,,1980.07.01,338.54,,,10269.0,Female,3.0,3.0,1.0,1.0,8.0
,,,1980.08.01,339.12,,,10270.0,Female,5.0,1.0,10.0,10.0,6.0
,,,1980.09.01,339.33,,,10271.0,Female,5.0,2.0,10.0,10.0,7.0
,,,1980.10.01,339.42,,,10272.0,Female,2.0,3.0,3.0,6.0,6.0
,,,1980.11.01,339.42,,,10273.0,Female,1.0,5.0,4.0,10.0,4.0
,,,1980.12.01,339.26,,,10274.0,Female,5.0,2.0,10.0,10.0,5.0
,,,1981.01.01,339.38,,,10275.0,Female,4.0,2.0,4.0,5.0,7.0
,,,1981.02.01,339.93,,,10276.0,Male,4.0,5.0,8.0,7.0,7.0
,,,1981.03.01,340.06,,,10277.0,Male,1.0,4.0,5.0,3.0,5.0
,,,1981.04.01,339.94,,,10278.0,Female,4.0,2.0,3.0,10.0,7.0
,,,1981.05.01,339.98,,,10279.0,Female,4.0,2.0,4.0,4.0,6.0
,,,1981.06.01,340.07,,,10280.0,Female,0.0,1.0,5.0,7.0,7.0
,,,1981.07.01,339.92,,,10281.0,Female,2.0,3.0,8.0,10.0,6.0
,,,1981.08.01,339.86,,,10282.0,Male,3.0,1.0,9.0,10.0,5.0
,,,1981.09.01,340.17,,,10283.0,Female,4.0,4.0,5.0,7.0,6.0
,,,1981.10.01,340.43,,,10284.0,Female,3.0,3.0,4.0,10.0,5.0
,,,1981.11.01,340.74,,,10285.0,Male,5.0,0.0,6.0,6.0,6.0
,,,1981.12.01,340.79,,,10286.0,Male,2.0,3.0,10.0,6.0,6.0
,,,1982.01.01,341.1,,,10287.0,Female,1.0,4.0,1.0,10.0,8.0
,,,1982.02.01,341.1,,,10288.0,Male,3.0,5.0,2.0,10.0,5.0
,,,1982.03.01,341.21,,,10289.0,Male,1.0,4.0,4.0,6.0,7.0
,,,1982.04.01,341.37,,,10290.0,Female,1.0,3.0,3.0,5.0,6.0
,,,1982.05.01,341.56,,,10291.0,Female,5.0,2.0,5.0,2.0,7.0
,,,1982.06.01,341.35,,,10292.0,Female,5.0,2.0,2.0,2.0,8.0
,,,1982.07.01,341.55,,,10293.0,Male,5.0,2.0,6.0,6.0,9.0
,,,1982.08.01,341.51,,,10294.0,Female,5.0,5.0,3.0,1.0,9.0
,,,1982.09.01,341.47,,,10295.0,Female,3.0,4.0,4.0,7.0,8.0
,,,1982.10.01,341.64,,,10296.0,Female,2.0,1.0,8.0,6.0,8.0
,,,1982.11.01,341.73,,,10297.0,Female,3.0,1.0,10.0,7.0,5.0
,,,1982.12.01,341.79,,,10298.0,Female,3.0,3.0,6.0,10.0,6.0
,,,1983.01.01,341.84,,,10299.0,Female,2.0,5.0,4.0,10.0,6.0
,,,1983.02.01,342.32,,,10300.0,Male,1.0,3.0,0.0,2.0,7.0
,,,1983.03.01,341.82,,,10301.0,Male,4.0,5.0,1.0,10.0,6.0
,,,1983.04.01,342.66,,,10302.0,Male,3.0,1.0,2.0,5.0,6.0
,,,1983.05.01,342.87,,,10303.0,Female,5.0,2.0,3.0,6.0,8.0
,,,1983.06.01,343.15,,,10304.0,Male,2.0,3.0,6.0,10.0,7.0
,,,1983.07.01,343.44,,,10305.0,Male,2.0,2.0,5.0,10.0,7.0
,,,1983.08.01,343.66,,,10306.0,Female,5.0,5.0,2.0,0.0,6.0
,,,1983.09.01,343.49,,,10307.0,Male,2.0,4.0,3.0,10.0,8.0
,,,1983.10.01,343.72,,,10308.0,Male,2.0,1.0,2.0,1.0,5.0
,,,1983.11.01,343.71,,,10309.0,Female,5.0,3.0,10.0,10.0,8.0
,,,1983.12.01,343.96,,,10310.0,Female,5.0,2.0,2.0,6.0,7.0
,,,1984.01.01,344.2,,,10311.0,Female,4.0,3.0,5.0,7.0,5.0
,,,1984.02.01,344.22,,,10312.0,Male,3.0,0.0,10.0,3.0,7.0
,,,1984.03.01,344.09,,,10313.0,Female,4.0,3.0,10.0,10.0,7.0
,,,1984.04.01,344.27,,,10314.0,Male,4.0,2.0,5.0,4.0,7.0
,,,1984.05.01,344.45,,,10315.0,Male,5.0,5.0,5.0,5.0,5.0
,,,1984.06.01,344.52,,,10316.0,Female,3.0,3.0,10.0,10.0,5.0
,,,1984.07.01,344.76,,,10317.0,Female,2.0,3.0,6.0,10.0,7.0
,,,1984.08.01,344.94,,,10318.0,Female,5.0,1.0,5.0,3.0,7.0
,,,1984.09.01,344.58,,,10319.0,Female,5.0,3.0,10.0,10.0,8.0
,,,1984.10.01,345.01,,,10320.0,Male,1.0,1.0,5.0,5.0,8.0
,,,1984.11.01,345.2,,,10321.0,Male,3.0,4.0,10.0,4.0,9.0
,,,1984.12.01,345.57,,,10322.0,Female,1.0,2.0,7.0,8.0,7.0
,,,1985.01.01,345.31,,,10323.0,Female,4.0,3.0,5.0,2.0,7.0
,,,1985.02.01,345.61,,,10324.0,Male,3.0,3.0,6.0,3.0,5.0
,,,1985.03.01,346.37,,,10325.0,Female,1.0,2.0,8.0,3.0,9.0
,,,1985.04.01,345.79,,,10326.0,Female,5.0,4.0,5.0,5.0,7.0
,,,1985.05.01,345.91,,,10327.0,Male,1.0,3.0,5.0,3.0,8.0
,,,1985.06.01,345.94,,,10328.0,Female,1.0,4.0,10.0,10.0,6.0
,,,1985.07.01,345.89,,,10329.0,Female,4.0,5.0,2.0,10.0,8.0
,,,1985.08.01,346.34,,,10330.0,Male,2.0,4.0,4.0,10.0,8.0
,,,1985.09.01,346.4,,,10331.0,Female,5.0,2.0,7.0,3.0,9.0
,,,1985.10.01,346.42,,,10332.0,Male,3.0,3.0,2.0,4.0,8.0
,,,1985.11.01,346.61,,,10333.0,Male,1.0,2.0,5.0,10.0,7.0
,,,1985.12.01,346.81,,,10334.0,Female,3.0,1.0,7.0,10.0,7.0
,,,1986.01.01,346.59,,,10335.0,Male,3.0,1.0,2.0,6.0,9.0
,,,1986.02.01,346.74,,,10336.0,Female,5.0,3.0,10.0,10.0,8.0
,,,1986.03.01,346.68,,,10337.0,Male,3.0,1.0,1.0,1.0,7.0
,,,1986.04.01,347.22,,,10338.0,Female,3.0,3.0,7.0,10.0,7.0
,,,1986.05.01,347.26,,,10339.0,Male,1.0,3.0,10.0,10.0,8.0
,,,1986.06.01,347.52,,,10340.0,Female,2.0,3.0,8.0,4.0,7.0
,,,1986.07.01,347.33,,,10341.0,Female,2.0,5.0,3.0,2.0,8.0
,,,1986.08.01,347.4,,,10342.0,Female,3.0,2.0,2.0,3.0,8.0
,,,1986.09.01,348.35,,,10343.0,Female,2.0,5.0,1.0,5.0,6.0
,,,1986.10.01,347.77,,,10344.0,Female,3.0,2.0,1.0,5.0,8.0
,,,1986.11.01,348.04,,,10345.0,Female,5.0,1.0,5.0,3.0,8.0
,,,1986.12.01,348.13,,,10346.0,Female,5.0,3.0,10.0,2.0,8.0
,,,1987.01.01,348.47,,,10347.0,Female,3.0,4.0,6.0,3.0,6.0
,,,1987.02.01,348.02,,,10348.0,Male,2.0,2.0,5.0,2.0,8.0
,,,1987.03.01,348.3,,,10349.0,Male,0.0,1.0,6.0,5.0,7.0
,,,1987.04.01,348.77,,,10350.0,Female,2.0,4.0,4.0,6.0,7.0
,,,1987.05.01,349.01,,,10351.0,Male,5.0,0.0,1.0,10.0,10.0
,,,1987.06.01,349.2,,,10352.0,Male,2.0,2.0,5.0,5.0,7.0
,,,1987.07.01,349.39,,,10353.0,Female,5.0,0.0,10.0,10.0,6.0
,,,1987.08.01,349.5,,,10354.0,Female,5.0,1.0,2.0,3.0,7.0
,,,1987.09.01,349.7,,,10355.0,Female,2.0,4.0,10.0,4.0,6.0
,,,1987.10.01,349.86,,,10356.0,Male,5.0,3.0,6.0,3.0,7.0
,,,1987.11.01,350.07,,,10357.0,Male,2.0,3.0,4.0,3.0,9.0
,,,1987.12.01,350.05,,,10358.0,Male,2.0,4.0,8.0,10.0,8.0
,,,1988.01.01,350.39,,,10359.0,Male,2.0,2.0,3.0,2.0,5.0
,,,1988.02.01,350.94,,,10360.0,Female,4.0,4.0,3.0,6.0,8.0
,,,1988.03.01,350.87,,,10361.0,Male,4.0,4.0,2.0,4.0,6.0
,,,1988.04.01,351.01,,,10362.0,Male,1.0,2.0,2.0,1.0,6.0
,,,1988.05.01,351.06,,,10363.0,Female,5.0,1.0,5.0,5.0,7.0
,,,1988.06.01,351.37,,,10364.0,Female,3.0,2.0,10.0,10.0,6.0
,,,1988.07.01,352.02,,,10365.0,Male,5.0,2.0,4.0,7.0,7.0
,,,1988.08.01,351.9,,,10366.0,Female,4.0,3.0,7.0,4.0,7.0
,,,1988.09.01,352.13,,,10367.0,Male,5.0,2.0,4.0,7.0,7.0
,,,1988.10.01,352.41,,,10368.0,Female,3.0,2.0,10.0,10.0,7.0
,,,1988.11.01,352.34,,,10369.0,Female,3.0,2.0,3.0,3.0,8.0
,,,1988.12.01,352.35,,,10370.0,Male,4.0,1.0,5.0,5.0,9.0
,,,1989.01.01,352.85,,,10371.0,Female,4.0,3.0,4.0,6.0,7.0
,,,1989.02.01,352.54,,,10372.0,Female,4.0,3.0,8.0,8.0,7.0
,,,1989.03.01,352.47,,,10373.0,Male,2.0,2.0,4.0,4.0,7.0
,,,1989.04.01,352.97,,,10374.0,Male,3.0,2.0,8.0,6.0,5.0
,,,1989.05.01,352.67,,,10375.0,Male,2.0,3.0,3.0,5.0,6.0
,,,1989.06.01,352.97,,,10376.0,Female,4.0,1.0,10.0,3.0,7.0
,,,1989.07.01,353.3,,,10377.0,Female,4.0,4.0,3.0,10.0,7.0
,,,1989.08.01,353.37,,,10378.0,Male,4.0,2.0,4.0,4.0,8.0
,,,1989.09.01,353.32,,,10379.0,Male,4.0,2.0,4.0,4.0,8.0
,,,1989.10.01,353.52,,,10380.0,Male,5.0,3.0,2.0,5.0,7.0
,,,1989.11.01,353.65,,,10381.0,Male,4.0,2.0,8.0,10.0,8.0
,,,1989.12.01,353.81,,,10382.0,Male,1.0,5.0,3.0,3.0,7.0
,,,1990.01.01,353.74,,,10383.0,Female,5.0,3.0,1.0,1.0,7.0
,,,1990.02.01,354.33,,,10384.0,Female,1.0,3.0,6.0,1.0,9.0
,,,1990.03.01,354.24,,,10385.0,Male,2.0,5.0,4.0,7.0,7.0
,,,1990.04.01,353.68,,,10386.0,Male,3.0,2.0,10.0,2.0,6.0
,,,1990.05.01,354.16,,,10387.0,Male,3.0,2.0,10.0,2.0,6.0
,,,1990.06.01,353.97,,,10388.0,Female,5.0,2.0,10.0,10.0,7.0
,,,1990.07.01,354.19,,,10389.0,Female,5.0,2.0,7.0,3.0,9.0
,,,1990.08.01,354.61,,,10390.0,Female,3.0,4.0,3.0,8.0,8.0
,,,1990.09.01,354.61,,,10391.0,Female,0.0,3.0,2.0,1.0,10.0
,,,1990.10.01,354.89,,,10392.0,Male,4.0,3.0,7.0,4.0,7.0
,,,1990.11.01,355.13,,,10393.0,Female,5.0,1.0,4.0,10.0,8.0
,,,1990.12.01,355.19,,,10394.0,Female,3.0,4.0,1.0,4.0,6.0
,,,1991.01.01,354.82,,,10395.0,Male,4.0,0.0,10.0,10.0,7.0
,,,1991.02.01,355.02,,,10396.0,Male,2.0,2.0,2.0,9.0,6.0
,,,1991.03.01,355.68,,,10397.0,Male,2.0,4.0,5.0,3.0,7.0
,,,1991.04.01,356.02,,,10398.0,Male,2.0,4.0,5.0,3.0,7.0
,,,1991.05.01,356.0,,,10399.0,Female,0.0,4.0,9.0,10.0,8.0
,,,1991.06.01,355.8,,,10400.0,Female,5.0,3.0,10.0,10.0,7.0
,,,1991.07.01,355.59,,,10401.0,Female,5.0,3.0,10.0,10.0,7.0
,,,1991.08.01,355.46,,,10402.0,Female,2.0,4.0,7.0,1.0,4.0
,,,1991.09.01,355.56,,,10403.0,Female,4.0,2.0,3.0,2.0,6.0
,,,1991.10.01,355.62,,,10404.0,Female,2.0,2.0,4.0,10.0,5.0
,,,1991.11.01,355.8,,,10405.0,Female,1.0,3.0,3.0,3.0,8.0
,,,1991.12.01,355.93,,,10406.0,Female,1.0,3.0,3.0,3.0,8.0
,,,1992.01.01,356.2,,,10407.0,Male,5.0,2.0,6.0,10.0,7.0
,,,1992.02.01,356.38,,,10408.0,Female,4.0,1.0,10.0,8.0,7.0
,,,1992.03.01,356.27,,,10409.0,Male,4.0,2.0,4.0,8.0,8.0
,,,1992.04.01,356.39,,,10410.0,Female,4.0,2.0,3.0,9.0,8.0
,,,1992.05.01,356.41,,,10411.0,Female,5.0,2.0,6.0,7.0,8.0
,,,1992.06.01,356.97,,,10412.0,Male,2.0,4.0,6.0,7.0,7.0
,,,1992.07.01,356.44,,,10413.0,Male,3.0,3.0,5.0,3.0,7.0
,,,1992.08.01,356.62,,,10414.0,Female,3.0,1.0,10.0,10.0,7.0
,,,1992.09.01,356.29,,,10415.0,Female,1.0,5.0,10.0,6.0,6.0
,,,1992.10.01,356.63,,,10416.0,Female,1.0,5.0,5.0,5.0,5.0
,,,1992.11.01,356.38,,,10417.0,Female,5.0,1.0,9.0,5.0,9.0
,,,1992.12.01,356.39,,,10418.0,Female,5.0,1.0,10.0,5.0,8.0
,,,1993.01.01,356.96,,,10419.0,Female,4.0,1.0,7.0,10.0,9.0
,,,1993.02.01,356.44,,,10420.0,Female,5.0,0.0,10.0,10.0,4.0
,,,1993.03.01,356.76,,,10421.0,Female,5.0,1.0,10.0,10.0,6.0
,,,1993.04.01,356.59,,,10422.0,Male,3.0,1.0,10.0,8.0,8.0
,,,1993.05.01,357.03,,,10423.0,Female,3.0,4.0,3.0,2.0,8.0
,,,1993.06.01,357.12,,,10424.0,Female,4.0,1.0,4.0,8.0,7.0
,,,1993.07.01,356.76,,,10425.0,Male,5.0,4.0,5.0,8.0,6.0
,,,1993.08.01,357.32,,,10426.0,Male,1.0,3.0,10.0,10.0,6.0
,,,1993.09.01,357.39,,,10427.0,Female,4.0,1.0,6.0,10.0,7.0
,,,1993.10.01,357.49,,,10428.0,Male,1.0,4.0,5.0,1.0,6.0
,,,1993.11.01,357.54,,,10429.0,Male,4.0,2.0,5.0,3.0,6.0
,,,1993.12.01,357.8,,,10430.0,Male,4.0,2.0,5.0,3.0,6.0
,,,1994.01.01,358.13,,,10431.0,Female,3.0,1.0,9.0,5.0,8.0
,,,1994.02.01,358.09,,,10432.0,Female,3.0,1.0,7.0,3.0,7.0
,,,1994.03.01,358.29,,,10433.0,Female,5.0,3.0,3.0,7.0,7.0
,,,1994.04.01,358.46,,,10434.0,Male,5.0,1.0,8.0,6.0,7.0
,,,1994.05.01,358.46,,,10435.0,Male,4.0,1.0,10.0,10.0,8.0
,,,1994.06.01,358.44,,,10436.0,Male,2.0,2.0,2.0,2.0,8.0
,,,1994.07.01,358.79,,,10437.0,Male,5.0,0.0,0.0,1.0,10.0
,,,1994.08.01,359.16,,,10438.0,Male,3.0,3.0,4.0,5.0,7.0
,,,1994.09.01,359.17,,,10439.0,Male,1.0,5.0,5.0,10.0,8.0
,,,1994.10.01,359.49,,,10440.0,Female,3.0,1.0,7.0,8.0,5.0
,,,1994.11.01,359.68,,,10441.0,Male,5.0,2.0,1.0,1.0,8.0
,,,1994.12.01,359.83,,,10442.0,Female,4.0,4.0,7.0,10.0,8.0
,,,1995.01.01,359.79,,,10443.0,Male,4.0,2.0,5.0,3.0,6.0
,,,1995.02.01,360.05,,,10444.0,Male,4.0,2.0,5.0,3.0,6.0
,,,1995.03.01,360.22,,,10445.0,Female,5.0,2.0,7.0,1.0,9.0
,,,1995.04.01,360.62,,,10446.0,Female,2.0,3.0,10.0,10.0,6.0
,,,1995.05.01,360.58,,,10447.0,Female,4.0,1.0,6.0,10.0,9.0
,,,1995.06.01,360.84,,,10448.0,Male,4.0,2.0,5.0,3.0,6.0
,,,1995.07.01,360.97,,,10449.0,Female,2.0,4.0,1.0,7.0,7.0
,,,1995.08.01,360.73,,,10450.0,Male,4.0,2.0,5.0,3.0,6.0
,,,1995.09.01,361.55,,,10451.0,Male,5.0,2.0,6.0,9.0,8.0
,,,1995.10.01,361.37,,,10452.0,Female,5.0,3.0,2.0,4.0,6.0
,,,1995.11.01,361.59,,,10453.0,Female,2.0,4.0,3.0,3.0,8.0
,,,1995.12.01,361.53,,,10454.0,Male,3.0,4.0,10.0,10.0,8.0
,,,1996.01.01,361.85,,,10455.0,Female,4.0,0.0,8.0,5.0,8.0
,,,1996.02.01,362.35,,,10456.0,Female,4.0,3.0,5.0,4.0,8.0
,,,1996.03.01,362.53,,,10457.0,Female,4.0,1.0,5.0,4.0,7.0
,,,1996.04.01,361.86,,,10458.0,Female,5.0,2.0,10.0,10.0,8.0
,,,1996.05.01,362.1,,,10459.0,Male,1.0,5.0,7.0,10.0,6.0
,,,1996.06.01,362.69,,,10460.0,Female,5.0,3.0,3.0,2.0,7.0
,,,1996.07.01,362.85,,,10461.0,Female,3.0,2.0,9.0,10.0,7.0
,,,1996.08.01,362.98,,,10462.0,Female,4.0,1.0,10.0,4.0,8.0
,,,1996.09.01,362.99,,,10463.0,Female,5.0,5.0,2.0,4.0,8.0
,,,1996.10.01,362.97,,,10464.0,Female,3.0,5.0,3.0,10.0,6.0
,,,1996.11.01,363.03,,,10465.0,Male,2.0,1.0,5.0,10.0,7.0
,,,1996.12.01,363.08,,,10466.0,Male,2.0,3.0,6.0,2.0,10.0
,,,1997.01.01,362.88,,,10467.0,Male,2.0,1.0,10.0,10.0,10.0
,,,1997.02.01,363.22,,,10468.0,Female,5.0,2.0,10.0,3.0,7.0
,,,1997.03.01,362.88,,,10469.0,Male,3.0,3.0,2.0,0.0,6.0
,,,1997.04.01,363.68,,,10470.0,Male,4.0,2.0,4.0,6.0,7.0
,,,1997.05.01,363.74,,,10471.0,Female,5.0,4.0,10.0,3.0,7.0
,,,1997.06.01,363.41,,,10472.0,Female,5.0,1.0,10.0,4.0,8.0
,,,1997.07.01,363.6,,,10473.0,Male,5.0,0.0,2.0,4.0,8.0
,,,1997.08.01,363.84,,,10474.0,Male,3.0,3.0,10.0,10.0,5.0
,,,1997.09.01,363.68,,,10475.0,Female,2.0,3.0,10.0,10.0,7.0
,,,1997.10.01,364.12,,,10476.0,Male,1.0,2.0,10.0,10.0,7.0
,,,1997.11.01,364.56,,,10477.0,Female,0.0,5.0,5.0,2.0,3.0
,,,1997.12.01,365.15,,,10478.0,Female,5.0,2.0,3.0,10.0,7.0
,,,1998.01.01,365.07,,,10479.0,Male,2.0,2.0,1.0,0.0,7.0
,,,1998.02.01,365.17,,,10480.0,Female,4.0,1.0,5.0,10.0,7.0
,,,1998.03.01,365.6,,,10481.0,Male,4.0,4.0,6.0,7.0,7.0
,,,1998.04.01,366.03,,,10482.0,Female,5.0,2.0,10.0,10.0,8.0
,,,1998.05.01,366.55,,,10483.0,Male,4.0,3.0,1.0,1.0,8.0
,,,1998.06.01,366.8,,,10484.0,Male,3.0,3.0,0.0,4.0,6.0
,,,1998.07.01,367.14,,,10485.0,Female,3.0,2.0,7.0,4.0,7.0
,,,1998.08.01,367.55,,,10486.0,Female,1.0,2.0,4.0,2.0,7.0
,,,1998.09.01,367.37,,,10487.0,Female,2.0,3.0,10.0,7.0,7.0
,,,1998.10.01,367.67,,,10488.0,Female,2.0,3.0,10.0,7.0,7.0
,,,1998.11.01,367.56,,,10489.0,Female,2.0,2.0,6.0,5.0,9.0
,,,1998.12.01,367.88,,,10490.0,Male,5.0,2.0,5.0,10.0,9.0
,,,1999.01.01,367.96,,,10491.0,Male,1.0,3.0,1.0,4.0,7.0
,,,1999.02.01,368.26,,,10492.0,Male,2.0,4.0,3.0,8.0,7.0
,,,1999.03.01,368.08,,,10493.0,Male,2.0,4.0,3.0,8.0,7.0
,,,1999.04.01,368.45,,,10494.0,Male,2.0,4.0,3.0,8.0,7.0
,,,1999.05.01,368.15,,,10495.0,Male,5.0,0.0,8.0,6.0,8.0
,,,1999.06.01,368.13,,,10496.0,Female,5.0,2.0,4.0,4.0,5.0
,,,1999.07.01,368.77,,,10497.0,Male,2.0,0.0,1.0,10.0,8.0
,,,1999.08.01,368.48,,,10498.0,Female,5.0,3.0,7.0,4.0,8.0
,,,1999.09.01,368.13,,,10499.0,Female,2.0,2.0,10.0,10.0,5.0
,,,1999.10.01,368.64,,,10500.0,Female,2.0,2.0,10.0,6.0,8.0
,,,1999.11.01,368.71,,,,,,,,,
,,,1999.12.01,368.77,,,,,,,,,
,,,2000.01.01,369.08,,,,,,,,,
,,,2000.02.01,368.83,,,,,,,,,
,,,2000.03.01,369.09,,,,,,,,,
,,,2000.04.01,369.28,,,,,,,,,
,,,2000.05.01,368.71,,,,,,,,,
,,,2000.06.01,369.5,,,,,,,,,
,,,2000.07.01,369.2,,,,,,,,,
,,,2000.08.01,369.72,,,,,,,,,
,,,2000.09.01,370.3,,,,,,,,,
,,,2000.10.01,370.26,,,,,,,,,
,,,2000.11.01,370.32,,,,,,,,,
,,,2000.12.01,370.3,,,,,,,,,
,,,2001.01.01,370.43,,,,,,,,,
,,,2001.02.01,370.78,,,,,,,,,
,,,2001.03.01,370.87,,,,,,,,,
,,,2001.04.01,370.81,,,,,,,,,
,,,2001.05.01,370.94,,,,,,,,,
,,,2001.06.01,370.99,,,,,,,,,
,,,2001.07.01,370.9,,,,,,,,,
,,,2001.08.01,371.22,,,,,,,,,
,,,2001.09.01,371.44,,,,,,,,,
,,,2001.10.01,371.69,,,,,,,,,
,,,2001.11.01,371.74,,,,,,,,,
,,,2001.12.01,371.92,,,,,,,,,
,,,2002.01.01,372.3,,,,,,,,,
,,,2002.02.01,372.33,,,,,,,,,
,,,2002.03.01,372.44,,,,,,,,,
,,,2002.04.01,372.37,,,,,,,,,
,,,2002.05.01,372.81,,,,,,,,,
,,,2002.06.01,373.3,,,,,,,,,
,,,2002.07.01,373.42,,,,,,,,,
,,,2002.08.01,373.52,,,,,,,,,
,,,2002.09.01,374.11,,,,,,,,,
,,,2002.10.01,373.88,,,,,,,,,
,,,2002.11.01,374.34,,,,,,,,,
,,,2002.12.01,374.53,,,,,,,,,
,,,2003.01.01,374.63,,,,,,,,,
,,,2003.02.01,374.77,,,,,,,,,
,,,2003.03.01,374.8,,,,,,,,,
,,,2003.04.01,375.06,,,,,,,,,
,,,2003.05.01,375.55,,,,,,,,,
,,,2003.06.01,376.04,,,,,,,,,
,,,2003.07.01,376.19,,,,,,,,,
,,,2003.08.01,376.08,,,,,,,,,
,,,2003.09.01,376.48,,,,,,,,,
,,,2003.10.01,376.47,,,,,,,,,
,,,2003.11.01,376.81,,,,,,,,,
,,,2003.12.01,376.75,,,,,,,,,
,,,2004.01.01,376.78,,,,,,,,,
,,,2004.02.01,377.02,,,,,,,,,
,,,2004.03.01,377.23,,,,,,,,,
,,,2004.04.01,377.62,,,,,,,,,
,,,2004.05.01,377.48,,,,,,,,,
,,,2004.06.01,377.39,,,,,,,,,
,,,2004.07.01,376.94,,,,,,,,,
,,,2004.08.01,377.74,,,,,,,,,
,,,2004.09.01,377.62,,,,,,,,,
,,,2004.10.01,377.82,,,,,,,,,
,,,2004.11.01,378.31,,,,,,,,,
,,,2004.12.01,378.32,,,,,,,,,
,,,2005.01.01,378.21,,,,,,,,,
,,,2005.02.01,378.93,,,,,,,,,
,,,2005.03.01,379.27,,,,,,,,,
,,,2005.04.01,379.65,,,,,,,,,
,,,2005.05.01,379.31,,,,,,,,,
,,,2005.06.01,379.88,,,,,,,,,
,,,2005.07.01,380.18,,,,,,,,,
,,,2005.08.01,380.42,,,,,,,,,
,,,2005.09.01,380.01,,,,,,,,,
,,,2005.10.01,380.31,,,,,,,,,
,,,2005.11.01,380.5,,,,,,,,,
,,,2005.12.01,380.9,,,,,,,,,
,,,2006.01.01,381.14,,,,,,,,,
,,,2006.02.01,381.39,,,,,,,,,
,,,2006.03.01,381.14,,,,,,,,,
,,,2006.04.01,381.91,,,,,,,,,
,,,2006.05.01,381.87,,,,,,,,,
,,,2006.06.01,381.75,,,,,,,,,
,,,2006.07.01,381.91,,,,,,,,,
,,,2006.08.01,382.08,,,,,,,,,
,,,2006.09.01,382.16,,,,,,,,,
,,,2006.10.01,382.46,,,,,,,,,
,,,2006.11.01,382.33,,,,,,,,,
,,,2006.12.01,382.64,,,,,,,,,
,,,2007.01.01,382.67,,,,,,,,,
,,,2007.02.01,383.01,,,,,,,,,
,,,2007.03.01,382.94,,,,,,,,,
,,,2007.04.01,383.71,,,,,,,,,
,,,2007.05.01,383.34,,,,,,,,,
,,,2007.06.01,383.84,,,,,,,,,
,,,2007.07.01,384.02,,,,,,,,,
,,,2007.08.01,383.7,,,,,,,,,
,,,2007.09.01,384.32,,,,,,,,,
,,,2007.10.01,384.47,,,,,,,,,
,,,2007.11.01,384.65,,,,,,,,,
,,,2007.12.01,384.83,,,,,,,,,
,,,2008.01.01,385.28,,,,,,,,,
,,,2008.02.01,384.96,,,,,,,,,
,,,2008.03.01,384.48,,,,,,,,,
,,,2008.04.01,384.58,,,,,,,,,
,,,2008.05.01,385.45,,,,,,,,,
,,,2008.06.01,385.46,,,,,,,,,
,,,2008.07.01,385.8,,,,,,,,,
,,,2008.08.01,385.75,,,,,,,,,
,,,2008.09.01,386.46,,,,,,,,,
,,,2008.10.01,386.27,,,,,,,,,
,,,2008.11.01,386.36,,,,,,,,,
,,,2008.12.01,386.41,,,,,,,,,
,,,2009.01.01,386.63,,,,,,,,,
,,,2009.02.01,386.59,,,,,,,,,
,,,2009.03.01,387.32,,,,,,,,,
,,,2009.04.01,386.92,,,,,,,,,
,,,2009.05.01,387.02,,,,,,,,,
,,,2009.06.01,387.24,,,,,,,,,
,,,2009.07.01,387.55,,,,,,,,,
,,,2009.08.01,387.8,,,,,,,,,
,,,2009.09.01,388.01,,,,,,,,,
,,,2009.10.01,387.68,,,,,,,,,
,,,2009.11.01,388.16,,,,,,,,,
,,,2009.12.01,388.23,,,,,,,,,
,,,2010.01.01,388.41,,,,,,,,,
,,,2010.02.01,389.26,,,,,,,,,
,,,2010.03.01,389.65,,,,,,,,,
,,,2010.04.01,389.89,,,,,,,,,
,,,2010.05.01,389.88,,,,,,,,,
,,,2010.06.01,389.89,,,,,,,,,
,,,2010.07.01,389.72,,,,,,,,,
,,,2010.08.01,390.01,,,,,,,,,
,,,2010.09.01,390.14,,,,,,,,,
,,,2010.10.01,390.53,,,,,,,,,
,,,2010.11.01,390.79,,,,,,,,,
,,,2010.12.01,390.6,,,,,,,,,
,,,2011.01.01,391.03,,,,,,,,,
,,,2011.02.01,390.94,,,,,,,,,
,,,2011.03.01,391.07,,,,,,,,,
,,,2011.04.01,390.63,,,,,,,,,
,,,2011.05.01,391.02,,,,,,,,,
,,,2011.06.01,391.44,,,,,,,,,
,,,2011.07.01,392.04,,,,,,,,,
,,,2011.08.01,391.83,,,,,,,,,
,,,2011.09.01,392.4,,,,,,,,,
,,,2011.10.01,392.33,,,,,,,,,
,,,2011.11.01,392.44,,,,,,,,,
,,,2011.12.01,392.66,,,,,,,,,
,,,2012.01.01,392.89,,,,,,,,,
,,,2012.02.01,393.04,,,,,,,,,
,,,2012.03.01,392.8,,,,,,,,,
,,,2012.04.01,393.43,,,,,,,,,
,,,2012.05.01,393.54,,,,,,,,,
,,,2012.06.01,393.45,,,,,,,,,
,,,2012.07.01,393.92,,,,,,,,,
,,,2012.08.01,394.17,,,,,,,,,
,,,2012.09.01,394.54,,,,,,,,,
,,,2012.10.01,394.41,,,,,,,,,
,,,2012.11.01,395.02,,,,,,,,,
,,,2012.12.01,395.04,,,,,,,,,
,,,2013.01.01,395.4,,,,,,,,,
,,,2013.02.01,396.01,,,,,,,,,
,,,2013.03.01,395.84,,,,,,,,,
,,,2013.04.01,395.53,,,,,,,,,
,,,2013.05.01,396.4,,,,,,,,,
,,,2013.06.01,396.28,,,,,,,,,
,,,2013.07.01,396.92,,,,,,,,,
,,,2013.08.01,397.08,,,,,,,,,
,,,2013.09.01,396.99,,,,,,,,,
,,,2013.10.01,397.04,,,,,,,,,
,,,2013.11.01,397.15,,,,,,,,,
,,,2013.12.01,397.59,,,,,,,,,
,,,2014.01.01,397.55,,,,,,,,,
,,,2014.02.01,397.21,,,,,,,,,
,,,2014.03.01,398.24,,,,,,,,,
,,,2014.04.01,398.49,,,,,,,,,
,,,2014.05.01,398.38,,,,,,,,,
,,,2014.06.01,398.93,,,,,,,,,
,,,2014.07.01,398.67,,,,,,,,,
,,,2014.08.01,398.92,,,,,,,,,
,,,2014.09.01,398.97,,,,,,,,,
,,,2014.10.01,399.44,,,,,,,,,
,,,2014.11.01,399.36,,,,,,,,,
,,,2014.12.01,399.64,,,,,,,,,
,,,2015.01.01,399.73,,,,,,,,,
,,,2015.02.01,399.52,,,,,,,,,
,,,2015.03.01,400.03,,,,,,,,,
,,,2015.04.01,400.38,,,,,,,,,
,,,2015.05.01,400.51,,,,,,,,,
,,,2015.06.01,400.48,,,,,,,,,
,,,2015.07.01,400.93,,,,,,,,,
,,,2015.08.01,400.85,,,,,,,,,
,,,2015.09.01,401.26,,,,,,,,,
,,,2015.10.01,401.69,,,,,,,,,
,,,2015.11.01,402.11,,,,,,,,,
,,,2015.12.01,402.51,,,,,,,,,
,,,2016.01.01,402.29,,,,,,,,,
,,,2016.02.01,403.3,,,,,,,,,
,,,2016.03.01,403.37,,,,,,,,,
,,,2016.04.01,404.6,,,,,,,,,
,,,2016.05.01,404.23,,,,,,,,,
,,,2016.06.01,404.43,,,,,,,,,
,,,2016.07.01,404.05,,,,,,,,,
,,,2016.08.01,404.22,,,,,,,,,
,,,2016.09.01,404.68,,,,,,,,,
,,,2016.10.01,405.02,,,,,,,,,
,,,2016.11.01,405.56,,,,,,,,,
,,,2016.12.01,405.14,,,,,,,,,
,,,2017.01.01,405.86,,,,,,,,,
,,,2017.02.01,405.61,,,,,,,,,
,,,2017.03.01,405.73,,,,,,,,,
,,,2017.04.01,406.22,,,,,,,,,
,,,2017.05.01,406.23,,,,,,,,,
,,,2017.06.01,406.54,,,,,,,,,
,,,2017.07.01,406.78,,,,,,,,,
,,,2017.08.01,407.04,,,,,,,,,
,,,2017.09.01,406.98,,,,,,,,,
,,,2017.10.01,407.05,,,,,,,,,
,,,2017.11.01,407.12,,,,,,,,,
,,,2017.12.01,407.49,,,,,,,,,
,,,2018.01.01,407.65,,,,,,,,,
,,,2018.02.01,407.47,,,,,,,,,
,,,2018.03.01,407.92,,,,,,,,,
,,,2018.04.01,407.42,,,,,,,,,
,,,2018.05.01,407.77,,,,,,,,,
,,,2018.06.01,408.45,,,,,,,,,
,,,2018.07.01,408.36,,,,,,,,,
,,,2018.08.01,408.9,,,,,,,,,
,,,2018.09.01,409.12,,,,,,,,,
,,,2018.10.01,409.42,,,,,,,,,
,,,2018.11.01,410.02,,,,,,,,,
,,,2018.12.01,409.75,,,,,,,,,
,,,2019.01.01,410.52,,,,,,,,,
,,,2019.02.01,410.89,,,,,,,,,
,,,2019.03.01,410.48,,,,,,,,,
,,,2019.04.01,410.5,,,,,,,,,
,,,2019.05.01,411.18,,,,,,,,,
,,,2019.06.01,411.59,,,,,,,,,
,,,2019.07.01,411.39,,,,,,,,,
,,,2019.08.01,411.86,,,,,,,,,
,,,2019.09.01,412.15,,,,,,,,,
,,,2019.10.01,411.95,,,,,,,,,
,,,2019.11.01,412.25,,,,,,,,,
,,,2019.12.01,412.44,,,,,,,,,
,,,2020.01.01,413.07,,,,,,,,,
,,,2020.02.01,413.26,,,,,,,,,
,,,2020.03.01,413.02,,,,,,,,,
,,,2020.04.01,413.38,,,,,,,,,
